2021.09.13,22:00,152.16600,152.20800,152.09200,152.20100,3893
2021.09.13,23:00,152.20300,152.27000,152.19200,152.27000,1955
2021.09.14,00:00,152.15600,152.22700,152.10400,152.20300,284
2021.09.14,01:00,152.18800,152.28000,152.18800,152.25200,1636
2021.09.14,02:00,152.25200,152.27400,152.19000,152.20600,944
2021.09.14,03:00,152.20700,152.30100,152.17000,152.28600,2680
2021.09.14,04:00,152.28700,152.40300,152.27900,152.35000,3077
2021.09.14,05:00,152.34900,152.44500,152.33800,152.43600,2765
2021.09.14,06:00,152.43500,152.44700,152.35100,152.38100,2459
2021.09.14,07:00,152.38000,152.41800,152.31400,152.31500,1853
2021.09.14,08:00,152.31400,152.41000,152.31100,152.33500,2713
2021.09.14,09:00,152.31900,152.46900,152.24200,152.42700,5689
2021.09.14,10:00,152.42800,152.67700,152.41500,152.64600,7662
2021.09.14,11:00,152.64300,152.70900,152.58500,152.58500,6119
2021.09.14,12:00,152.58700,152.70900,152.49000,152.56500,4964
2021.09.14,13:00,152.56400,152.75900,152.55200,152.73600,5182
2021.09.14,14:00,152.73700,152.73800,152.53200,152.54500,5790
2021.09.14,15:00,152.54800,152.85000,152.48700,152.75900,8916
2021.09.14,16:00,152.76300,152.83900,152.39800,152.42400,9462
2021.09.14,17:00,152.42500,152.42500,151.83600,151.87500,10043
2021.09.14,18:00,151.87600,151.91200,151.75000,151.84800,7125
2021.09.14,19:00,151.84800,151.99800,151.82100,151.82600,4588
2021.09.14,20:00,151.82800,151.83700,151.60800,151.67600,5192
2021.09.14,21:00,151.67700,151.69900,151.42300,151.43600,5077
2021.09.14,22:00,151.43600,151.46400,151.32600,151.39900,3741
2021.09.14,23:00,151.39800,151.47400,151.38300,151.47100,1803
2021.09.15,00:00,151.41800,151.47600,151.37300,151.45400,1033
2021.09.15,01:00,151.46000,151.50900,151.43400,151.49200,2118
2021.09.15,02:00,151.49100,151.51500,151.44400,151.49700,1332
2021.09.15,03:00,151.50000,151.54700,151.23000,151.24700,3682
2021.09.15,04:00,151.24600,151.35600,151.21000,151.26100,2854
2021.09.15,05:00,151.26100,151.33200,151.12700,151.24900,2947
2021.09.15,06:00,151.25000,151.34300,151.24000,151.32500,2033
2021.09.15,07:00,151.32400,151.38100,151.31200,151.36600,1322
2021.09.15,08:00,151.36500,151.39000,151.22100,151.34400,2618
2021.09.15,09:00,151.35000,151.47200,151.27800,151.41600,6651
2021.09.15,10:00,151.41700,151.55800,151.28900,151.31700,7394
2021.09.15,11:00,151.31600,151.41200,151.24600,151.25100,6153
2021.09.15,12:00,151.25300,151.28200,151.09800,151.19400,6055
2021.09.15,13:00,151.19500,151.19800,151.02900,151.04500,5500
2021.09.15,14:00,151.05400,151.07500,150.92100,151.01400,6333
2021.09.15,15:00,151.01100,151.20400,150.82900,151.19100,8440
2021.09.15,16:00,151.19100,151.47300,151.02900,151.39500,9331
2021.09.15,17:00,151.39500,151.47200,151.05200,151.14300,9309
2021.09.15,18:00,151.14400,151.43300,151.12000,151.36200,7473
2021.09.15,19:00,151.36100,151.36400,151.25700,151.26000,4997
2021.09.15,20:00,151.26000,151.40600,151.24100,151.35400,3889
2021.09.15,21:00,151.35300,151.45100,151.31700,151.31700,3934
2021.09.15,22:00,151.31900,151.44100,151.31000,151.41900,2441
2021.09.15,23:00,151.41500,151.42200,151.35400,151.35700,1883
2021.09.16,00:00,151.33400,151.38100,151.22800,151.37100,888
2021.09.16,01:00,151.35900,151.47500,151.35400,151.47000,1130
2021.09.16,02:00,151.47000,151.47700,151.37000,151.47200,1133
2021.09.16,03:00,151.47300,151.56300,151.43900,151.48100,2952
2021.09.16,04:00,151.48100,151.48100,151.22100,151.24400,2826
2021.09.16,05:00,151.24500,151.29500,151.17200,151.22700,2678
2021.09.16,06:00,151.22600,151.28500,151.18500,151.19800,1830
2021.09.16,07:00,151.19700,151.22500,151.17400,151.18900,2118
2021.09.16,08:00,151.18800,151.20200,151.00000,151.01500,3305
2021.09.16,09:00,151.00900,151.18100,151.00300,151.06700,5649
2021.09.16,10:00,151.06600,151.29000,151.05300,151.15200,6888
2021.09.16,11:00,151.15200,151.20300,151.04000,151.19700,6641
2021.09.16,12:00,151.19600,151.21800,151.06700,151.21000,6643
2021.09.16,13:00,151.20900,151.21100,151.11000,151.16800,5700
2021.09.16,14:00,151.16900,151.39400,151.16200,151.38400,5593
2021.09.16,15:00,151.38400,151.55700,151.20500,151.44600,9057
2021.09.16,16:00,151.44500,151.44500,151.06700,151.10600,8945
2021.09.16,17:00,151.10500,151.13500,150.87200,150.98400,8091
2021.09.16,18:00,150.98200,151.19000,150.90500,151.16400,6500
2021.09.16,19:00,151.16500,151.27500,151.12800,151.24200,3934
2021.09.16,20:00,151.24100,151.26000,151.12600,151.24600,3720
2021.09.16,21:00,151.24700,151.29300,151.22200,151.27100,3661
2021.09.16,22:00,151.27200,151.40000,151.26000,151.31400,3794
2021.09.16,23:00,151.31300,151.40000,151.30900,151.33600,3957
2021.09.17,00:00,151.27400,151.37300,151.17800,151.34000,2365
2021.09.17,01:00,151.34000,151.41400,151.31300,151.40000,1348
2021.09.17,02:00,151.40100,151.41900,151.34700,151.35300,919
2021.09.17,03:00,151.35300,151.39900,151.31200,151.35000,3028
2021.09.17,04:00,151.34800,151.53200,151.33900,151.47600,3216
2021.09.17,05:00,151.47600,151.56200,151.46800,151.50700,2615
2021.09.17,06:00,151.50900,151.57000,151.47400,151.54700,1770
2021.09.17,07:00,151.54400,151.64300,151.54200,151.64000,1577
2021.09.17,08:00,151.64000,151.74000,151.63100,151.69400,2043
2021.09.17,09:00,151.69300,151.69500,151.53100,151.58000,5141
2021.09.17,10:00,151.57800,151.70900,151.47400,151.63000,7382
2021.09.17,11:00,151.63100,151.87400,151.57500,151.71500,6765
2021.09.17,12:00,151.71600,151.76600,151.50800,151.61700,6800
2021.09.17,13:00,151.61200,151.71800,151.49500,151.70600,6466
2021.09.17,14:00,151.70700,151.78100,151.63500,151.75800,5820
2021.09.17,15:00,151.75700,151.84500,151.73000,151.80200,6685
2021.09.17,16:00,151.80100,151.93000,151.44700,151.53300,9271
2021.09.17,17:00,151.52900,151.53500,151.07200,151.17200,9339
2021.09.17,18:00,151.17100,151.25200,151.08200,151.22600,7454
2021.09.17,19:00,151.22500,151.37700,151.16800,151.18700,4595
2021.09.17,20:00,151.18600,151.23700,151.04800,151.07600,3661
2021.09.17,21:00,151.07500,151.10700,151.00400,151.00400,3951
2021.09.17,22:00,151.00500,151.13400,151.00000,151.01700,2836
2021.09.17,23:00,151.01700,151.05400,150.96100,150.98900,2594
2021.09.20,00:00,151.00000,151.11400,150.83200,150.85200,616
2021.09.20,01:00,150.99600,151.05200,150.84000,150.95000,1818
2021.09.20,02:00,150.95500,151.01000,150.92400,150.98000,1008
2021.09.20,03:00,150.98100,151.04500,150.96100,150.99400,1466
2021.09.20,04:00,150.99500,150.99500,150.72100,150.72200,2054
2021.09.20,05:00,150.72800,150.73900,150.58900,150.61300,2701
2021.09.20,06:00,150.61300,150.79000,150.60800,150.70900,1777
2021.09.20,07:00,150.71000,150.71500,150.62100,150.63600,1350
2021.09.20,08:00,150.63700,150.72700,150.61300,150.69300,1772
2021.09.20,09:00,150.69200,150.70700,150.33600,150.35800,5218
2021.09.20,10:00,150.36000,150.36700,149.97000,150.04100,8153
2021.09.20,11:00,150.04300,150.07000,149.81900,149.97400,6564
2021.09.20,12:00,149.97900,150.08500,149.77700,149.93100,6058
2021.09.20,13:00,149.93200,150.19800,149.90200,149.94800,5868
2021.09.20,14:00,149.94900,150.00700,149.58500,149.59300,6615
2021.09.20,15:00,149.58200,149.79500,149.40600,149.68600,7832
2021.09.20,16:00,149.68700,150.04700,149.65000,149.99200,8198
2021.09.20,17:00,149.98900,149.98900,149.57300,149.65400,8907
2021.09.20,18:00,149.65600,149.80300,149.45800,149.49800,6702
2021.09.20,19:00,149.49800,149.53200,149.26800,149.26800,6094
2021.09.20,20:00,149.26600,149.46600,149.18200,149.39900,5298
2021.09.20,21:00,149.39900,149.43500,149.19200,149.23400,5075
2021.09.20,22:00,149.23400,149.54100,149.18600,149.45700,5637
2021.09.20,23:00,149.45800,149.48200,149.33700,149.33700,3274
2021.09.21,00:00,149.32600,149.41400,149.27400,149.39000,1484
2021.09.21,01:00,149.38300,149.53300,149.32400,149.49700,2813
2021.09.21,02:00,149.49800,149.54000,149.33600,149.50600,2232
2021.09.21,03:00,149.50400,149.66900,149.37700,149.57400,3789
2021.09.21,04:00,149.57100,149.73700,149.52300,149.69500,3890
2021.09.21,05:00,149.69600,149.79600,149.64300,149.79400,2448
2021.09.21,06:00,149.79900,149.85700,149.67800,149.85700,2689
2021.09.21,07:00,149.85600,149.90000,149.76800,149.83300,2195
2021.09.21,08:00,149.83100,149.87700,149.65900,149.67600,2492
2021.09.21,09:00,149.67300,149.93700,149.64700,149.78000,6054
2021.09.21,10:00,149.78000,150.11200,149.77300,150.01800,8337
2021.09.21,11:00,150.01700,150.13500,149.88800,149.92300,7072
2021.09.21,12:00,149.92300,150.02800,149.83800,149.98400,5409
2021.09.21,13:00,149.98400,150.03000,149.78000,149.86900,5172
2021.09.21,14:00,149.86800,149.87400,149.59300,149.64000,5922
2021.09.21,15:00,149.64000,149.75300,149.34800,149.38100,8789
2021.09.21,16:00,149.38300,149.52800,149.12200,149.37400,9362
2021.09.21,17:00,149.37600,149.40100,148.95300,149.00500,9883
2021.09.21,18:00,149.00700,149.41400,148.96000,149.37900,7454
2021.09.21,19:00,149.38000,149.43200,149.18100,149.25600,5380
2021.09.21,20:00,149.25800,149.28800,149.13400,149.22300,5885
2021.09.21,21:00,149.22100,149.29700,149.16800,149.23700,5013
2021.09.21,22:00,149.23700,149.34200,149.19900,149.20200,5102
2021.09.21,23:00,149.20300,149.21200,149.15000,149.18800,2854
2021.09.22,00:00,149.15200,149.20800,149.06400,149.16900,3430
2021.09.22,01:00,149.16400,149.25800,149.14200,149.21000,2904
2021.09.22,02:00,149.20800,149.21300,149.04200,149.06800,1517
2021.09.22,03:00,149.06800,149.26300,149.01300,149.18900,3947
2021.09.22,04:00,149.18900,149.74200,149.10800,149.46400,6666
2021.09.22,05:00,149.46300,149.50100,149.35900,149.49000,2779
2021.09.22,06:00,149.49000,149.51500,149.39400,149.42500,2277
2021.09.22,07:00,149.42600,149.51800,149.37600,149.51400,1791
2021.09.22,08:00,149.51300,149.64100,149.49000,149.51700,2569
2021.09.22,09:00,149.51700,149.62600,149.47400,149.58200,5375
2021.09.22,10:00,149.58000,149.64200,149.20200,149.23300,8252
2021.09.22,11:00,149.23500,149.42400,149.23500,149.35000,6467
2021.09.22,12:00,149.35000,149.41700,149.26000,149.30900,5852
2021.09.22,13:00,149.30900,149.54000,149.28900,149.35400,4887
2021.09.22,14:00,149.35300,149.43500,149.30400,149.39800,4789
2021.09.22,15:00,149.39700,149.43100,149.22900,149.35200,6029
2021.09.22,16:00,149.35100,149.43000,149.22500,149.37000,7379
2021.09.22,17:00,149.36900,149.61600,149.34800,149.55700,7645
2021.09.22,18:00,149.55600,149.81000,149.53900,149.80000,6523
2021.09.22,19:00,149.80100,149.82400,149.62700,149.63900,4749
2021.09.22,20:00,149.63700,149.66500,149.55700,149.56000,4734
2021.09.22,21:00,149.54500,149.95700,149.50900,149.55100,13439
2021.09.22,22:00,149.55100,149.80400,149.46500,149.49700,9708
2021.09.22,23:00,149.49800,149.56600,149.46500,149.50900,3091
2021.09.23,00:00,149.46100,149.57000,149.41300,149.49300,4280
2021.09.23,01:00,149.51200,149.56600,149.51100,149.54800,1189
2021.09.23,02:00,149.54900,149.57400,149.49800,149.53500,2468
2021.09.23,03:00,149.53500,149.63500,149.52400,149.58000,2068
2021.09.23,04:00,149.58200,149.77600,149.55600,149.76200,1966
2021.09.23,05:00,149.76400,149.78500,149.68000,149.68600,1908
2021.09.23,06:00,149.68600,149.83900,149.68500,149.79900,1704
2021.09.23,07:00,149.80000,149.85100,149.74000,149.84700,1190
2021.09.23,08:00,149.84600,149.88900,149.77000,149.84200,1859
2021.09.23,09:00,149.84000,150.04900,149.79900,150.00300,5968
2021.09.23,10:00,149.99500,150.17400,149.91700,150.14800,8624
2021.09.23,11:00,150.14900,150.27800,150.03900,150.12300,7009
2021.09.23,12:00,150.12300,150.41400,150.12300,150.36700,7334
2021.09.23,13:00,150.36600,150.42000,149.91200,150.29600,8976
2021.09.23,14:00,150.29600,150.96100,150.15600,150.93800,9333
2021.09.23,15:00,150.94000,151.09600,150.72800,151.07300,8215
2021.09.23,16:00,151.07100,151.31900,150.86700,151.15600,9318
2021.09.23,17:00,151.15800,151.41800,151.14200,151.35500,7774
2021.09.23,18:00,151.35200,151.46500,151.23100,151.43000,6674
2021.09.23,19:00,151.42900,151.48200,151.37800,151.43300,4363
2021.09.23,20:00,151.43200,151.44500,151.35300,151.37800,3866
2021.09.23,21:00,151.37800,151.39900,151.30200,151.38700,4180
2021.09.23,22:00,151.38600,151.43700,151.30400,151.33300,4021
2021.09.23,23:00,151.33400,151.42100,151.30900,151.36500,3339
2021.09.24,00:00,151.32500,151.38000,151.23800,151.30900,1878
2021.09.24,01:00,151.30200,151.40200,151.30100,151.35900,1523
2021.09.24,02:00,151.36000,151.42600,151.34200,151.37500,1827
2021.09.24,03:00,151.37500,151.64400,151.35400,151.59900,3984
2021.09.24,04:00,151.59900,151.62200,151.34500,151.35300,3031
2021.09.24,05:00,151.35300,151.46000,151.35100,151.45700,2441
2021.09.24,06:00,151.45700,151.60000,151.43600,151.53400,2367
2021.09.24,07:00,151.53600,151.57300,151.50200,151.54300,2085
2021.09.24,08:00,151.54400,151.57800,151.48100,151.53000,2461
2021.09.24,09:00,151.52800,151.73400,151.52400,151.69500,5443
2021.09.24,10:00,151.69400,151.69900,151.39400,151.44100,8642
2021.09.24,11:00,151.44200,151.49400,151.13200,151.46400,8633
2021.09.24,12:00,151.46400,151.47000,151.25200,151.26000,6069
2021.09.24,13:00,151.26000,151.40400,151.19900,151.25200,6107
2021.09.24,14:00,151.25200,151.25900,151.13700,151.16100,6853
2021.09.24,15:00,151.16300,151.16600,151.02300,151.08100,7594
2021.09.24,16:00,151.07900,151.55400,151.00100,151.50200,8162
2021.09.24,17:00,151.50100,151.54300,151.32600,151.37700,8490
2021.09.24,18:00,151.37700,151.47700,151.24000,151.45600,6654
2021.09.24,19:00,151.45700,151.58100,151.45100,151.50600,5175
2021.09.24,20:00,151.50500,151.50500,151.35300,151.35400,4305
2021.09.24,21:00,151.35500,151.40300,151.32300,151.34600,3906
2021.09.24,22:00,151.34700,151.43300,151.33400,151.39500,2262
2021.09.24,23:00,151.39400,151.48800,151.35700,151.36900,2635
2021.09.27,00:00,151.23400,151.36100,151.15900,151.23800,502
2021.09.27,01:00,151.22600,151.46300,151.21800,151.44300,926
2021.09.27,02:00,151.43900,151.44700,151.31300,151.39900,1150
2021.09.27,03:00,151.39700,151.48100,151.29000,151.36700,3473
2021.09.27,04:00,151.36900,151.39200,151.28300,151.34400,2775
2021.09.27,05:00,151.34300,151.36300,151.16100,151.19200,2263
2021.09.27,06:00,151.19200,151.20700,151.12200,151.18900,2077
2021.09.27,07:00,151.18800,151.24900,151.17100,151.19500,1330
2021.09.27,08:00,151.19600,151.35000,151.18700,151.32900,2112
2021.09.27,09:00,151.33300,151.42300,151.17700,151.39300,5637
2021.09.27,10:00,151.39300,151.60700,151.23400,151.54600,7701
2021.09.27,11:00,151.55100,152.09100,151.49900,151.97200,7841
2021.09.27,12:00,151.96900,152.04100,151.82200,151.99300,7173
2021.09.27,13:00,151.99200,152.04500,151.88100,151.93000,6501
2021.09.27,14:00,151.93000,152.16100,151.92600,151.96400,6814
2021.09.27,15:00,151.96300,152.14900,151.77900,151.97700,9874
2021.09.27,16:00,151.97600,152.06900,151.88100,152.03700,9380
2021.09.27,17:00,152.03800,152.18100,151.97900,152.12600,8550
2021.09.27,18:00,152.12200,152.18400,152.00700,152.15700,7557
2021.09.27,19:00,152.15700,152.16800,152.05600,152.13400,4906
2021.09.27,20:00,152.13400,152.13400,152.03700,152.08500,4090
2021.09.27,21:00,152.08600,152.19900,152.08500,152.18300,4276
2021.09.27,22:00,152.17900,152.18300,152.10800,152.11700,2487
2021.09.27,23:00,152.11700,152.16600,152.05000,152.05200,1853
2021.09.28,00:00,151.95800,152.08200,151.95800,152.06600,1921
2021.09.28,01:00,152.06800,152.11400,152.05400,152.05800,927
2021.09.28,02:00,152.05200,152.10900,152.01500,152.02500,1193
2021.09.28,03:00,152.02400,152.13100,151.91100,152.05900,2917
2021.09.28,04:00,152.06000,152.16100,151.97900,152.13100,2932
2021.09.28,05:00,152.13900,152.37300,152.13100,152.35800,2787
2021.09.28,06:00,152.35800,152.45600,152.31300,152.41900,2124
2021.09.28,07:00,152.41900,152.46300,152.36900,152.43900,1954
2021.09.28,08:00,152.43900,152.53100,152.39300,152.51400,2900
2021.09.28,09:00,152.51600,152.57100,152.35800,152.43500,6719
2021.09.28,10:00,152.43600,152.48500,152.06200,152.15200,8071
2021.09.28,11:00,152.15700,152.17200,151.98400,152.15400,6991
2021.09.28,12:00,152.15500,152.20000,151.82100,151.87600,6603
2021.09.28,13:00,151.87500,151.87600,151.48700,151.57000,7641
2021.09.28,14:00,151.57300,151.72300,151.44500,151.53100,8565
2021.09.28,15:00,151.53100,151.53900,151.03900,151.10200,9350
2021.09.28,16:00,151.10700,151.22900,150.94800,151.10600,9904
2021.09.28,17:00,151.10500,151.10500,150.54000,150.85200,12037
2021.09.28,18:00,150.84900,150.90300,150.63900,150.70100,9642
2021.09.28,19:00,150.69600,150.86900,150.66600,150.74400,6915
2021.09.28,20:00,150.73800,150.94600,150.70100,150.86000,7152
2021.09.28,21:00,150.86000,151.02300,150.79700,151.01400,6698
2021.09.28,22:00,151.01300,151.05000,150.87200,150.92100,5073
2021.09.28,23:00,150.92200,151.04700,150.89900,150.92500,3253
2021.09.29,00:00,150.88400,150.96200,150.82200,150.91700,3061
2021.09.29,01:00,150.92100,151.01400,150.92100,150.99000,1945
2021.09.29,02:00,150.99000,151.07000,150.95300,151.02300,1955
2021.09.29,03:00,151.02200,151.15600,150.96500,151.11300,3994
2021.09.29,04:00,151.11600,151.19300,150.94200,151.01300,5022
2021.09.29,05:00,151.01300,151.10400,150.91300,150.92000,3665
2021.09.29,06:00,150.92000,150.99300,150.80100,150.92900,3145
2021.09.29,07:00,150.93000,151.11500,150.90200,151.06700,2595
2021.09.29,08:00,151.06800,151.11700,150.89300,151.04100,4587
2021.09.29,09:00,151.04200,151.10300,150.83200,150.86400,8190
2021.09.29,10:00,150.86500,150.88000,150.45800,150.46200,9171
2021.09.29,11:00,150.45800,150.57100,150.27600,150.30800,7962
2021.09.29,12:00,150.30800,150.54200,150.29600,150.50300,6063
2021.09.29,13:00,150.50400,150.61200,150.32200,150.34900,6077
2021.09.29,14:00,150.34700,150.39200,150.09400,150.27500,7442
2021.09.29,15:00,150.26800,150.36400,150.10600,150.21100,8444
2021.09.29,16:00,150.20600,150.30100,149.90900,150.08500,9590
2021.09.29,17:00,150.07500,150.35500,149.94500,150.24400,10595
2021.09.29,18:00,150.24700,150.43500,150.19700,150.26500,7342
2021.09.29,19:00,150.26700,150.32100,150.08700,150.28100,6231
2021.09.29,20:00,150.28000,150.39500,150.25000,150.36200,6936
2021.09.29,21:00,150.36300,150.52500,150.31100,150.44600,6415
2021.09.29,22:00,150.44900,150.47100,150.18800,150.20500,3219
2021.09.29,23:00,150.20500,150.35800,150.20400,150.33300,2713
2021.09.30,00:00,150.27300,150.34400,150.20700,150.30800,2188
2021.09.30,01:00,150.30600,150.37900,150.30600,150.37100,1190
2021.09.30,02:00,150.37200,150.38400,150.28400,150.29600,1990
2021.09.30,03:00,150.29600,150.43000,150.24700,150.38700,4176
2021.09.30,04:00,150.38600,150.46000,150.27800,150.34800,3698
2021.09.30,05:00,150.35100,150.48500,150.32800,150.44400,2734
2021.09.30,06:00,150.44300,150.57500,150.39500,150.57300,1957
2021.09.30,07:00,150.57600,150.64500,150.52800,150.52800,2072
2021.09.30,08:00,150.52400,150.56500,150.25200,150.27000,3274
2021.09.30,09:00,150.27100,150.64500,150.27000,150.63200,6207
2021.09.30,10:00,150.63300,150.65000,150.30400,150.38900,8816
2021.09.30,11:00,150.38800,150.44400,150.25900,150.44200,6795
2021.09.30,12:00,150.44100,150.69700,150.36200,150.59100,6203
2021.09.30,13:00,150.58800,150.65700,150.43600,150.50500,6867
2021.09.30,14:00,150.50400,150.63200,150.48100,150.61700,6316
2021.09.30,15:00,150.61200,150.95100,150.61100,150.74200,8472
2021.09.30,16:00,150.74000,150.87300,150.62500,150.69600,9410
2021.09.30,17:00,150.68900,150.88800,150.37900,150.44000,10862
2021.09.30,18:00,150.43500,150.67100,150.07700,150.19000,10400
2021.09.30,19:00,150.18900,150.22900,149.91600,150.00000,8900
2021.09.30,20:00,150.00100,150.11800,149.80400,149.93700,7326
2021.09.30,21:00,149.93700,150.24000,149.93500,150.10500,6574
2021.09.30,22:00,150.10400,150.18400,149.93200,149.93300,6272
2021.09.30,23:00,149.93500,149.99200,149.86200,149.93500,3754
2021.10.01,00:00,149.88500,149.95600,149.84600,149.92700,3532
2021.10.01,01:00,149.92800,150.10000,149.92800,150.10000,1629
2021.10.01,02:00,150.10100,150.14200,150.06500,150.12300,1969
2021.10.01,03:00,150.12200,150.17100,149.87700,149.87700,4332
2021.10.01,04:00,149.87700,149.91500,149.59400,149.82000,5428
2021.10.01,05:00,149.82000,149.86800,149.65500,149.68400,3464
2021.10.01,06:00,149.68700,149.76900,149.53900,149.55500,3309
2021.10.01,07:00,149.55700,149.64500,149.51400,149.62100,3171
2021.10.01,08:00,149.62000,149.63300,149.50400,149.58200,3546
2021.10.01,09:00,149.58100,149.75400,149.38400,149.50900,8341
2021.10.01,10:00,149.50800,149.87800,149.22900,149.76600,10253
2021.10.01,11:00,149.76700,149.87700,149.48700,149.70700,9144
2021.10.01,12:00,149.70600,150.03400,149.70600,149.99400,7889
2021.10.01,13:00,149.99300,150.33100,149.91700,150.25200,7444
2021.10.01,14:00,150.25100,150.64400,150.16700,150.51300,8903
2021.10.01,15:00,150.50600,150.62300,150.15600,150.30600,9745
2021.10.01,16:00,150.30600,150.74200,150.29800,150.48300,10644
2021.10.01,17:00,150.48100,150.72700,150.19500,150.23900,11678
2021.10.01,18:00,150.23900,150.69000,150.21800,150.60800,9917
2021.10.01,19:00,150.60900,150.66800,150.48800,150.52600,7132
2021.10.01,20:00,150.52700,150.59600,150.48900,150.55100,5119
2021.10.01,21:00,150.55100,150.59200,150.47200,150.52800,5333
2021.10.01,22:00,150.52500,150.63000,150.41500,150.45900,3962
2021.10.01,23:00,150.45700,150.48900,150.39800,150.44300,2474
2021.10.04,00:00,150.33400,150.45500,150.16600,150.20800,477
2021.10.04,01:00,150.21100,150.63400,150.18800,150.62000,2767
2021.10.04,02:00,150.62800,150.63100,150.52300,150.55000,1451
2021.10.04,03:00,150.55500,150.63100,150.38600,150.42500,4164
2021.10.04,04:00,150.41900,150.47300,150.22900,150.27500,4391
2021.10.04,05:00,150.27500,150.44000,150.21200,150.38100,3110
2021.10.04,06:00,150.38500,150.44900,150.28500,150.31900,2793
2021.10.04,07:00,150.31800,150.45100,150.25600,150.43700,2570
2021.10.04,08:00,150.43600,150.52000,150.36200,150.36900,2806
2021.10.04,09:00,150.36700,150.51300,150.24400,150.42200,6742
2021.10.04,10:00,150.42300,150.78200,150.26400,150.76800,9783
2021.10.04,11:00,150.76800,150.85100,150.61500,150.78600,7674
2021.10.04,12:00,150.78500,151.16200,150.76300,151.12100,7682
2021.10.04,13:00,151.12100,151.26800,151.02400,151.26100,6804
2021.10.04,14:00,151.26000,151.26500,151.04600,151.12800,7866
2021.10.04,15:00,151.13300,151.17400,150.87300,151.10800,7426
2021.10.04,16:00,151.10800,151.49800,151.02200,151.39600,9139
2021.10.04,17:00,151.39300,151.52400,150.77600,150.85000,11232
2021.10.04,18:00,150.85000,150.99600,150.69000,150.88800,9865
2021.10.04,19:00,150.89000,151.00500,150.79400,150.86300,6461
2021.10.04,20:00,150.86200,151.02100,150.85900,150.94400,5698
2021.10.04,21:00,150.94400,151.00300,150.86400,150.98600,5618
2021.10.04,22:00,150.98600,151.08400,150.90800,150.99500,5117
2021.10.04,23:00,150.99700,151.02700,150.91700,150.93700,2407
2021.10.05,00:00,150.92300,150.92300,150.82300,150.90500,1291
2021.10.05,01:00,150.90500,151.07200,150.88400,151.01700,1448
2021.10.05,02:00,151.01700,151.03700,150.91800,150.99200,1839
2021.10.05,03:00,150.99100,151.01000,150.74500,150.81100,4946
2021.10.05,04:00,150.80900,151.07300,150.76100,150.99200,4277
2021.10.05,05:00,150.98500,151.17000,150.96700,151.13000,3309
2021.10.05,06:00,151.13000,151.18700,150.99200,151.13700,2937
2021.10.05,07:00,151.13500,151.15500,151.03800,151.09600,2145
2021.10.05,08:00,151.09500,151.15200,151.05100,151.11700,3160
2021.10.05,09:00,151.12500,151.30400,150.97700,151.19500,6671
2021.10.05,10:00,151.19600,151.40300,151.11600,151.17700,9666
2021.10.05,11:00,151.17600,151.45000,151.13900,151.41100,7486
2021.10.05,12:00,151.41200,151.46900,151.31200,151.46500,5686
2021.10.05,13:00,151.46600,151.55800,151.35900,151.54800,6152
2021.10.05,14:00,151.54900,151.77600,151.45400,151.47500,7097
2021.10.05,15:00,151.47100,151.64900,151.41500,151.57500,7359
2021.10.05,16:00,151.57300,151.79900,151.40700,151.73000,9857
2021.10.05,17:00,151.73200,152.00400,151.66300,151.96300,10008
2021.10.05,18:00,151.96400,152.05000,151.87400,151.93300,8006
2021.10.05,19:00,151.93400,152.04700,151.90100,152.04000,5792
2021.10.05,20:00,152.04000,152.04300,151.94800,151.98400,4626
2021.10.05,21:00,151.98300,152.02400,151.93400,151.94900,4677
2021.10.05,22:00,151.94900,151.97500,151.84800,151.85900,3505
2021.10.05,23:00,151.85600,151.93800,151.83300,151.88400,2136
2021.10.06,00:00,151.88200,151.92500,151.80700,151.86700,2050
2021.10.06,01:00,151.86700,151.98200,151.85400,151.93800,1618
2021.10.06,02:00,151.93900,151.95700,151.90700,151.91000,1135
2021.10.06,03:00,151.91100,152.11300,151.90000,152.09300,3977
2021.10.06,04:00,152.09700,152.15700,151.83900,151.92800,3823
2021.10.06,05:00,151.92800,152.04800,151.86800,151.95800,3125
2021.10.06,06:00,151.95700,152.00600,151.90400,151.97300,2570
2021.10.06,07:00,151.97400,152.05700,151.94400,152.04900,2863
2021.10.06,08:00,152.04700,152.11800,152.02300,152.03500,3342
2021.10.06,09:00,152.03700,152.11700,151.90900,151.92200,6926
2021.10.06,10:00,151.92800,151.96100,151.43900,151.46700,10209
2021.10.06,11:00,151.46400,151.48300,151.18600,151.19700,9701
2021.10.06,12:00,151.19400,151.28100,151.04600,151.12400,9180
2021.10.06,13:00,151.12500,151.25400,151.01000,151.22500,8205
2021.10.06,14:00,151.22600,151.37300,151.03600,151.14300,7870
2021.10.06,15:00,151.14200,151.35500,151.09500,151.24000,9357
2021.10.06,16:00,151.24100,151.30100,150.99800,150.99800,9734
2021.10.06,17:00,150.99600,151.13800,150.81300,150.94100,11048
2021.10.06,18:00,150.94200,151.11900,150.86500,151.04800,9034
2021.10.06,19:00,151.04700,151.11800,150.97100,150.97500,7000
2021.10.06,20:00,150.97600,151.29100,150.93300,151.26400,6882
2021.10.06,21:00,151.26600,151.46500,151.22000,151.32700,7386
2021.10.06,22:00,151.32600,151.42200,151.31700,151.36200,4567
2021.10.06,23:00,151.35900,151.43100,151.32900,151.33700,2072
2021.10.07,00:00,151.27900,151.34200,151.20000,151.33800,1312
2021.10.07,01:00,151.33900,151.44300,151.33600,151.41200,671
2021.10.07,02:00,151.41300,151.45100,151.33600,151.42100,1563
2021.10.07,03:00,151.42000,151.49900,151.25100,151.40400,5068
2021.10.07,04:00,151.40400,151.48100,151.33200,151.43700,3070
2021.10.07,05:00,151.43700,151.47400,151.38600,151.41700,1465
2021.10.07,06:00,151.41300,151.42300,151.32900,151.35500,1584
2021.10.07,07:00,151.35300,151.40500,151.29500,151.32100,1394
2021.10.07,08:00,151.31900,151.36800,151.27300,151.34000,3239
2021.10.07,09:00,151.33900,151.49400,151.33900,151.47500,6001
2021.10.07,10:00,151.47300,151.55800,151.14300,151.16000,9099
2021.10.07,11:00,151.15600,151.46800,151.03200,151.38500,7569
2021.10.07,12:00,151.37900,151.69600,151.33800,151.49400,7456
2021.10.07,13:00,151.49500,151.56700,151.36000,151.43600,5721
2021.10.07,14:00,151.43700,151.60800,151.42500,151.51000,6730
2021.10.07,15:00,151.52300,151.55200,151.41200,151.52000,6876
2021.10.07,16:00,151.52100,151.73900,151.48000,151.66000,9414
2021.10.07,17:00,151.65800,151.98400,151.61600,151.91700,8464
2021.10.07,18:00,151.91600,152.01700,151.82500,151.99700,6564
2021.10.07,19:00,151.99600,152.09200,151.95200,152.05100,5314
2021.10.07,20:00,152.04900,152.05200,151.95000,152.01000,4074
2021.10.07,21:00,152.00900,152.04100,151.96700,152.03900,5489
2021.10.07,22:00,152.03900,152.06300,151.92700,151.95300,3524
2021.10.07,23:00,151.95400,152.01300,151.92300,151.94500,2335
2021.10.08,00:00,151.96100,151.96800,151.91100,151.95000,274
2021.10.08,01:00,151.96200,152.04800,151.92100,152.03500,1295
2021.10.08,02:00,152.03600,152.07600,151.96400,152.06800,1388
2021.10.08,03:00,152.06900,152.16000,152.00300,152.13900,3290
2021.10.08,04:00,152.13900,152.34000,152.13800,152.29200,3620
2021.10.08,05:00,152.29300,152.35200,152.23300,152.25700,2745
2021.10.08,06:00,152.25700,152.25800,152.16700,152.20300,3376
2021.10.08,07:00,152.20300,152.32200,152.20100,152.23900,2837
2021.10.08,08:00,152.24000,152.27700,152.16600,152.17100,2785
2021.10.08,09:00,152.17100,152.26900,152.08900,152.12900,5773
2021.10.08,10:00,152.13400,152.25300,152.04000,152.17800,8518
2021.10.08,11:00,152.17600,152.33500,152.14200,152.26400,6101
2021.10.08,12:00,152.26400,152.41700,152.12200,152.40500,6691
2021.10.08,13:00,152.40500,152.55500,152.34500,152.35700,5781
2021.10.08,14:00,152.35700,152.39800,152.19600,152.24000,5677
2021.10.08,15:00,152.23800,152.43800,152.19200,152.21800,10650
2021.10.08,16:00,152.22100,152.52800,152.09400,152.43000,11377
2021.10.08,17:00,152.42800,152.85200,152.41400,152.78900,10583
2021.10.08,18:00,152.78700,152.94100,152.74600,152.86200,8426
2021.10.08,19:00,152.86100,152.86100,152.69000,152.77400,5740
2021.10.08,20:00,152.77500,152.82800,152.68400,152.77800,4837
2021.10.08,21:00,152.77800,152.85500,152.75200,152.82000,3943
2021.10.08,22:00,152.82000,152.89100,152.80000,152.82800,2822
2021.10.08,23:00,152.82800,152.87300,152.77900,152.82700,2435
2021.10.11,00:00,152.69400,152.83400,152.58500,152.74200,444
2021.10.11,01:00,152.74400,152.96800,152.74400,152.88800,3215
2021.10.11,02:00,152.88900,152.93200,152.79800,152.87000,1453
2021.10.11,03:00,152.87000,153.17000,152.85900,153.16300,2788
2021.10.11,04:00,153.16300,153.46200,153.15700,153.31000,3499
2021.10.11,05:00,153.31000,153.55500,153.31000,153.52500,2851
2021.10.11,06:00,153.52400,153.76500,153.50500,153.67400,3038
2021.10.11,07:00,153.67700,153.71500,153.55800,153.69600,2266
2021.10.11,08:00,153.69600,153.92000,153.66100,153.91800,2937
2021.10.11,09:00,153.92400,154.09000,153.81400,154.01100,6761
2021.10.11,10:00,154.01400,154.21800,153.77800,153.93700,8729
2021.10.11,11:00,153.93600,154.17200,153.91000,154.09100,7240
2021.10.11,12:00,154.09200,154.09200,153.74400,153.83200,6627
2021.10.11,13:00,153.83400,153.96400,153.72900,153.93500,5643
2021.10.11,14:00,153.93100,153.95700,153.82200,153.92100,5596
2021.10.11,15:00,153.91900,154.36400,153.89800,154.16500,7554
2021.10.11,16:00,154.16700,154.42500,154.02600,154.31700,7687
2021.10.11,17:00,154.32000,154.45300,154.26300,154.37300,5954
2021.10.11,18:00,154.37600,154.50800,154.30200,154.45500,4660
2021.10.11,19:00,154.45600,154.49200,154.32200,154.34800,4299
2021.10.11,20:00,154.34800,154.34800,154.07800,154.19600,5754
2021.10.11,21:00,154.19600,154.24700,154.13800,154.24000,4152
2021.10.11,22:00,154.24100,154.27800,154.02400,154.02800,3919
2021.10.11,23:00,154.02400,154.13300,153.99200,154.06000,2538
2021.10.12,00:00,153.94600,154.05200,153.82600,154.02200,459
2021.10.12,01:00,154.03500,154.16200,154.02800,154.04700,2549
2021.10.12,02:00,154.04700,154.11800,153.99200,154.10700,1948
2021.10.12,03:00,154.10600,154.21100,154.02400,154.11900,4750
2021.10.12,04:00,154.12100,154.17000,153.93700,154.04500,4689
2021.10.12,05:00,154.04300,154.15900,154.00400,154.03500,3405
2021.10.12,06:00,154.03400,154.07300,153.94100,154.04100,2147
2021.10.12,07:00,154.04100,154.11500,154.01800,154.10100,1462
2021.10.12,08:00,154.10300,154.18200,154.06300,154.17900,2784
2021.10.12,09:00,154.17800,154.21600,153.75100,153.85800,7257
2021.10.12,10:00,153.85800,154.00600,153.68300,153.90800,8940
2021.10.12,11:00,153.90600,154.27200,153.69900,154.19300,7515
2021.10.12,12:00,154.19100,154.45700,154.03700,154.04600,6716
2021.10.12,13:00,154.04700,154.38500,154.04700,154.34500,6148
2021.10.12,14:00,154.34200,154.52200,154.26800,154.50100,5805
2021.10.12,15:00,154.50300,154.82300,154.45700,154.66600,8825
2021.10.12,16:00,154.67000,154.76800,154.29200,154.30000,10596
2021.10.12,17:00,154.30500,154.58200,154.10700,154.51200,10582